subject,session,montage_layout,file_token
aaaaapks,s013_2014,03_tcp_ar_a,aaaaapks_s013_t002.edf
aaaaaqzw,s002_2014,01_tcp_ar,aaaaaqzw_s002_t001.edf
aaaaaria,s001_2014,01_tcp_ar,aaaaaria_s001_t000.edf
aaaaarsp,s002_2014,03_tcp_ar_a,aaaaarsp_s002_t001.edf
aaaaarsp,s002_2014,03_tcp_ar_a,aaaaarsp_s002_t004.edf
aaaaarsp,s002_2014,03_tcp_ar_a,aaaaarsp_s002_t002.edf
aaaaarsp,s002_2014,03_tcp_ar_a,aaaaarsp_s002_t003.edf
aaaaarsp,s002_2014,03_tcp_ar_a,aaaaarsp_s002_t005.edf
aaaaarsp,s002_2014,03_tcp_ar_a,aaaaarsp_s002_t006.edf
aaaaarsp,s002_2014,03_tcp_ar_a,aaaaarsp_s002_t007.edf
aaaaarsp,s002_2014,03_tcp_ar_a,aaaaarsp_s002_t010.edf
aaaaarsp,s002_2014,03_tcp_ar_a,aaaaarsp_s002_t012.edf
aaaaarsp,s002_2014,03_tcp_ar_a,aaaaarsp_s002_t011.edf
aaaaarsp,s002_2014,03_tcp_ar_a,aaaaarsp_s002_t009.edf
aaaaarsp,s002_2014,03_tcp_ar_a,aaaaarsp_s002_t008.edf
aaaaaskf,s001_2014,03_tcp_ar_a,aaaaaskf_s001_t002.edf
aaaaaskf,s001_2014,03_tcp_ar_a,aaaaaskf_s001_t000.edf
aaaaaskf,s001_2014,03_tcp_ar_a,aaaaaskf_s001_t001.edf
aaaaaskf,s002_2014,03_tcp_ar_a,aaaaaskf_s002_t000.edf
aaaaaskf,s002_2014,03_tcp_ar_a,aaaaaskf_s002_t001.edf
aaaaaskf,s002_2014,03_tcp_ar_a,aaaaaskf_s002_t003.edf
aaaaaskf,s002_2014,03_tcp_ar_a,aaaaaskf_s002_t002.edf
aaaaatgc,s003_2015,03_tcp_ar_a,aaaaatgc_s003_t000.edf
aaaaatgc,s003_2015,03_tcp_ar_a,aaaaatgc_s003_t001.edf
aaaaatgc,s003_2015,03_tcp_ar_a,aaaaatgc_s003_t002.edf
