timestamp, index, utilization.gpu [%], utilization.memory [%], memory.used [MiB]
2025/06/14 16:09:39.062, 0, 0 %, 0 %, 1 MiB
2025/06/14 16:09:39.063, 1, 0 %, 0 %, 1 MiB
2025/06/14 16:09:39.063, 2, 0 %, 0 %, 1 MiB
2025/06/14 16:09:39.063, 3, 0 %, 0 %, 1 MiB
2025/06/14 16:09:39.063, 4, 0 %, 0 %, 1 MiB
2025/06/14 16:09:39.063, 5, 0 %, 0 %, 1 MiB
2025/06/14 16:09:39.063, 6, 0 %, 0 %, 1 MiB
2025/06/14 16:09:39.063, 7, 0 %, 0 %, 1 MiB
timestamp, index, utilization.gpu [%], utilization.memory [%], memory.used [MiB]
2025/06/14 16:10:09.197, 0, 0 %, 0 %, 4 MiB
2025/06/14 16:10:09.198, 1, 0 %, 0 %, 4 MiB
2025/06/14 16:10:09.198, 2, 0 %, 0 %, 4 MiB
2025/06/14 16:10:09.198, 3, 0 %, 0 %, 4 MiB
2025/06/14 16:10:09.198, 4, 0 %, 0 %, 4 MiB
2025/06/14 16:10:09.198, 5, 0 %, 0 %, 4 MiB
2025/06/14 16:10:09.198, 6, 0 %, 0 %, 4 MiB
2025/06/14 16:10:09.199, 7, 0 %, 0 %, 4 MiB
timestamp, index, utilization.gpu [%], utilization.memory [%], memory.used [MiB]
2025/06/14 16:10:39.341, 0, 0 %, 0 %, 4 MiB
2025/06/14 16:10:39.342, 1, 0 %, 0 %, 530 MiB
2025/06/14 16:10:39.342, 2, 0 %, 0 %, 530 MiB
2025/06/14 16:10:39.342, 3, 0 %, 0 %, 530 MiB
2025/06/14 16:10:39.342, 4, 0 %, 0 %, 4 MiB
2025/06/14 16:10:39.342, 5, 0 %, 0 %, 4 MiB
2025/06/14 16:10:39.343, 6, 0 %, 0 %, 4 MiB
2025/06/14 16:10:39.343, 7, 0 %, 0 %, 4 MiB
timestamp, index, utilization.gpu [%], utilization.memory [%], memory.used [MiB]
2025/06/14 16:11:09.470, 0, 91 %, 40 %, 80144 MiB
2025/06/14 16:11:09.475, 1, 68 %, 32 %, 80144 MiB
2025/06/14 16:11:09.480, 2, 91 %, 41 %, 80144 MiB
2025/06/14 16:11:09.482, 3, 41 %, 18 %, 80144 MiB
2025/06/14 16:11:09.484, 4, 0 %, 0 %, 4 MiB
2025/06/14 16:11:09.485, 5, 0 %, 0 %, 4 MiB
2025/06/14 16:11:09.487, 6, 0 %, 0 %, 4 MiB
2025/06/14 16:11:09.488, 7, 0 %, 0 %, 4 MiB
timestamp, index, utilization.gpu [%], utilization.memory [%], memory.used [MiB]
2025/06/14 16:11:39.624, 0, 0 %, 0 %, 914 MiB
2025/06/14 16:11:39.625, 1, 0 %, 0 %, 914 MiB
2025/06/14 16:11:39.625, 2, 0 %, 0 %, 914 MiB
2025/06/14 16:11:39.626, 3, 0 %, 0 %, 914 MiB
2025/06/14 16:11:39.626, 4, 0 %, 0 %, 4 MiB
2025/06/14 16:11:39.626, 5, 0 %, 0 %, 4 MiB
2025/06/14 16:11:39.626, 6, 0 %, 0 %, 4 MiB
2025/06/14 16:11:39.626, 7, 0 %, 0 %, 4 MiB
