Name,Experiment Index,Score,,,,,,,,,,,,,,
1,1,2,4,5,2,1,4,5,4,3,2,4,4,5,5,2
1,2,3,2,5,3,4,3,5,4,4,3,5,2,5,5,2
1,3,3,2,5,5,2,5,3,4,2,5,5,3,5,4,5
2,1,3,3,4,4,4,3,5,5,4,5,4,4,4,5,5
2,2,4,2,5,4,4,4,3,5,5,4,4,5,5,4,1
2,3,4,4,5,5,3,5,2,5,4,5,5,5,5,5,1
3,1,4,3,4,3,4,5,5,5,5,4,5,4,5,5,4
3,2,4,3,5,3,4,4,5,4,5,4,5,5,5,5,4
3,3,5,4,5,5,4,4,4,5,5,5,4,5,5,5,5
4,1,0,5,5,4,3,3,5,5,5,3,3,5,5,4,4
4,2,3,4,5,1,4,3,5,5,5,5,3,4,5,2,1
4,3,1,4,5,5,4,4,2,5,5,5,5,4,5,5,5
5,1,5,4,5,4,5,4,5,5,3,4,3,2,5,5,5
5,2,5,2,5,5,1,2,5,5,2,5,5,5,5,5,5
5,3,2,3,5,5,2,4,2,5,3,5,5,4,4,5,5
6,1,2,4,5,4,5,2,5,5,5,5,4,2,3,3,3
6,2,4,3,5,2,3,3,4,5,4,4,5,5,4,5,3
6,3,4,3,5,3,2,5,4,5,4,5,5,4,4,4,5
7,1,3,2,5,3,2,3,5,5,4,3,4,4,4,5,5
7,2,3,4,4,2,3,3,3,4,4,4,3,4,5,3,4
7,3,3,3,4,5,2,4,2,4,3,5,4,4,4,4,5
8,1,3,4,5,5,5,5,5,5,5,5,4,4,5,5,5
8,2,3,5,5,3,4,4,5,5,5,5,5,5,5,4,1
8,3,4,5,5,5,3,5,4,5,5,5,5,5,5,5,5
9,1,2,5,4,5,4,4,5,4,5,5,5,5,5,5,5
9,2,5,5,4,3,4,4,4,5,5,4,5,4,5,5,4
9,3,5,4,3,5,4,5,4,5,5,5,5,5,5,5,5
10,1,4,5,4,3,4,5,5,5,2,4,3,4,3,5,5
10,2,2,3,4,3,4,4,5,3,2,4,3,5,4,3,4
10,3,5,4,4,5,2,5,4,3,1,5,4,4,5,4,5
11,1,4,3,5,4,4,5,5,5,4,3,4,4,5,5,5
11,2,3,4,4,5,4,4,5,5,3,3,5,5,4,4,5
11,3,3,4,4,5,5,5,4,5,4,5,4,5,4,5,5
12,1,4,3,5,4,5,4,3,5,3,4,5,4,5,5,5
12,2,2,4,5,3,4,4,5,5,3,4,5,4,4,5,4
12,3,3,4,5,5,5,5,4,5,5,5,5,4,5,3,5
13,1,0,5,5,3,4,1,5,5,5,5,3,2,5,3,3
13,2,3,0,5,0,3,2,4,5,5,3,4,3,5,4,3
13,3,3,5,5,5,0,2,3,5,2,5,5,3,4,3,5
14,1,3,4,5,5,5,4,5,5,2,5,3,5,3,4,4
14,2,3,5,5,4,5,4,5,5,5,5,4,5,5,4,4
14,3,2,5,5,5,4,4,4,5,3,5,5,5,2,5,5
15,1,4,4,5,3,5,5,5,5,4,1,3,5,2,4,4
15,2,3,2,5,2,4,4,4,5,4,3,4,5,4,4,1
15,3,2,4,5,4,2,3,3,5,4,5,5,5,5,3,3
16,1,2,5,4,4,5,3,5,5,4,3,4,4,4,3,3
16,2,2,3,5,2,2,3,4,5,5,4,4,4,5,1,2
16,3,1,4,5,5,2,5,3,5,3,5,4,5,3,4,5
,,,,,,,,,,,,,,,,
,,,,,,,,,,,,,,,,
,,,,,,,,,,,,,,,,
,,,,,,,,,,,,,,,,
,,,,,,,,,,,,,,,,
,,,,,,,,,,,,,,,,
,,,,,,,,,,,,,,,,
,,,,,,,,,,,,,,,,
,,,,,,,,,,,,,,,,
,,,,,,,,,,,,,,,,
,,,,,,,,,,,,,,,,
,,,,,,,,,,,,,,,,
