name	x	y	z
Fp1	-0.03090258833242555	0.114585178792428	0.02786657432908913
Fp2	0.028409495337624727	0.11534630990164213	0.027721257722525875
F3	-0.05180903841183724	0.08668789888287941	0.07871409302883386
F4	0.050274277731628736	0.08743838910239796	0.07727065434234194
C3	-0.0671487229331174	0.023358230537446293	0.10451068106024831
C4	0.06532888071838541	0.0235731049615695	0.10369243420047652
A1	-0.08794077781999961	0.002601361770258829	-0.026864540084002006
A2	0.0839280575805768	0.001967805856129233	-0.02690846022244657
P3	-0.0550382318026169	-0.04421030466234088	0.09990897692200874
P4	0.05363601546337514	-0.04433452185507687	0.100516027732151
O1	-0.03157355787465608	-0.08056835212663661	0.05478964562404762
O2	0.027683100559624117	-0.08048883980936473	0.0547340814777941
F7	-0.07187662505917264	0.07310352742670875	0.025790455878913307
F8	0.07143526925150917	0.07450512647808137	0.025101027393177114
T3	-0.08598207795805729	0.014871638175652204	0.031173373739044698
T4	0.08326136985759491	0.015258189278681372	0.030972968524059938
T5	-0.07445796452347851	-0.042123164958505765	0.04127363138738122
T6	0.07103247088902218	-0.04225997601209522	0.0411988627819509
Fz	-0.001229271161566281	0.09327445200029715	0.1026392934768164
Cz	-0.0013741334028190722	0.027617093595102737	0.14019949417439556
Pz	-0.001709445046746896	-0.045212993324122014	0.12667292418209622
